﻿Designator,Footprint,Quantity,Value,LCSC Part #
BT1,AMASS_XT60-M_1x02_P7.20mm_Vertical,1,Battery,
"C1, C2, C24, C3, C30, C4, C63",0402,7,0.1uF,
"C10, C11, C16, C40, C44, C53, C6, C7, C8, C9",0402,10,100nF,C307331
"C12, C28, C29",0603,3,10uF,C96446
"C13, C18, C43, C51",0402,4,10nF,C15195
"C14, C15",0402,2,1uF,C52923
"C17, C42, C45",0402,3,10uF,
"C19, C20, C32, C33, C35, C5",0402,6,0.1uF,C307331
C21,0402,1,10pF,C32949
"C22, C39, C46, C52",0402,4,2.7nF,C84704
"C23, C36",0603,2,4.7uF,C69335
"C25, C26, C27, C48, C49, C50, C55, C56, C57, C58, C59, C60",0805,12,22uF,C602037
C31,1206,1,47uF,C403725
C34,0402,1,4.7nF,C84705
C37,0402,1,2.2uF,C307418
C38,0402,1,4.7uF,C52923
"C41, C47, C54",0402,3,47pF,C60137
"C61, C62",0402,2,22pF,C86285
"C64, C71, C78, C86",0402,4,100nF,
"C65, C68, C79",0402,3,1uF,
"C66, C72, C74, C76",0603,4,0.1uf,
"C67, C73, C75, C77",0603,4,1uf,
"C69, C70",0402,2,15pF,C86285
"C80, C81",0402,2,390pF,
"C82, C83",0603,2,2.2uF,
"C84, C95, C96",1210,3,22uF,
C85,0402,1,4.7uF,
C87,0402,1,820pF,
"C88, C89, C92, C97",1210,4,10uF,
C90,0805,1,22nF,
"C91, C93, C94",1206,3,4.7uF,
"D1, D2",LED_WS2812B-2020_PLCC4_2.0x2.0mm,2,WS2812B-2020,
D10,0402,1,D,
D3,LED_WS2812B_PLCC4_5.0x5.0mm_P3.2mm,1,WS2812B-5050,
"D4, D5, D6, D7, D8, D9",0805,6,LED,
F1,2920,1,Polyfuse,
FB1,0603,1,120R,
J1,PinHeader_2x20_P2.54mm_Vertical,1,Raspberry_Pi_2_3,
J10,JST_PH_B3B-PH-K_1x03_P2.00mm_Vertical,1,Servo_TrayRelease,
J11,PinHeader_1x02_P2.54mm_Vertical,1,Conn_01x02,
"J12, J13",JWT_A3963_1x02_P3.96mm_Vertical,2,Conn_01x02_Socket,
J14,JST_PH_S6B-PH-K_1x06_P2.00mm_Horizontal,1,Motor FR,
J15,JWT_A3963_1x02_P3.96mm_Vertical,1,Conn_01x02_Pin,
J16,JST_VH_B2PS-VH_1x02_P3.96mm_Horizontal,1,19V Output,
J17,PinHeader_1x04_P2.54mm_Vertical,1,Programmer,
J18,USB_C_Receptacle_HRO_TYPE-C-31-M-17,1,USB_C_Receptacle_PowerOnly_6P,
J2,PinHeader_1x06_P2.54mm_Vertical,1,Power_Bypass,
J23,JST_PH_S6B-PH-K_1x06_P2.00mm_Horizontal,1,Motor BR,
J25,JST_PH_B2B-PH-K_1x02_P2.00mm_Vertical,1,ConductClaw,
J26,JST_PH_S6B-PH-K_1x06_P2.00mm_Horizontal,1,Motor BL,
J27,JST_PH_B4B-PH-K_1x04_P2.00mm_Vertical,1,TOF_Front,
J28,OLED_small,1,OLED_Display,
J29,JST_PH_S6B-PH-K_1x06_P2.00mm_Horizontal,1,Motor FL,
J3,JST_XH_B4B-XH-A_1x04_P2.50mm_Vertical,1,Lipo,
J4,JST_PH_B5B-PH-K_1x05_P2.00mm_Vertical,1,TOF_Right,
J5,JST_PH_B5B-PH-K_1x05_P2.00mm_Vertical,1,TOF_Back,
J6,JST_PH_B5B-PH-K_1x05_P2.00mm_Vertical,1,TOF_Claw,
J7,PinHeader_1x04_P2.54mm_Vertical,1,UltraS_Side,
J8,JST_PH_B3B-PH-K_1x03_P2.00mm_Vertical,1,Servo_Grab,
J9,JST_PH_B3B-PH-K_1x03_P2.00mm_Vertical,1,Servo_Lift,
L1,L_Coilcraft_XAL7070-XXX,1,2.2uH,
"L2, L4",NRS8040T3R6NJGJ,2,3.6uH,C223037
L3,INDM7570X400N,1,1.4uH,
L5,CYA0630-3.3uH,1,3.3uH,C5189747
M1,FanPinHeader_1x04_P2.54mm_Vertical,1,Fan_Tacho_PWM,
Q1,Vishay_PowerPAK_1212-8_Single,1,SiS443DN,
Q2,SOT-23,1,AO3401A,
"Q3, Q4",TO-220-3_Horizontal_TabDown,2,IRLZ44N,
Q5,SOT-23,1,2N7002,
Q6,PowerPAK_SO-8_Single,1,Si7149DP,
"R1, R13, R14, R29, R30, R31, R42, R48, R49, R6, TH1",0402,11,10k,
R10,1210,1,5m,
"R11, R12",0603,2,100,
"R15, R16",0805,2,100,
"R17, R53",0402,2,1M,
R18,0402,1,16k,
R19,0402,1,118k,
"R2, R3, R4, R5",0402,4,470,
"R20, R23, R26",0402,3,22.1k,
R21,0402,1,10.5k,
R22,0402,1,69.8k,
R24,0402,1,15.8k,
R25,0402,1,115.8k,
"R27, R28",0603,2,OPEN,
"R32, R34, R38, R39, R40, R41",0402,6,250,
"R33, R35, R36, R37",1206,4,100m,C3033268
R43,0402,1,330,
"R44, R50",0402,2,100k,
R45,0402,1,200k,
R46,0402,1,68k,
R47,2512,1,5m,
R51,0603,1,1k,
R52,0603,1,2k,
"R54, R55",0402,2,10,
"R56, R8",0402,2,140k,
R57,0402,1,68.1k,
R58,0402,1,44.2k,
R59,0402,1,309k,
R60,0603,1,1.2M,
R61,0402,1,80.6k,
R7,0402,1,51k,
R9,0603,1,10k,
SW1,SW_Slide_SPDT_Straight_CK_OS102011MS2Q,1,SW_SPDT,
SW2,SW_Push_1P1T_NO_CK_KSC6xxJ,1,SW_Push,
"SW3, SW5",SW_Push_1P1T_NO_CK_KMR2,2,SW_Push,
U1,LQFP-100_14x14mm_P0.5mm,1,STM32F407VGTx,
"U10, U11, U18, U5, U8",TSOT-23,5,DMG2305UX-7,
"U12, U14, U15, U16",Maxim_TDFN-12-1EP_3x3mm_P0.5mm_EP1.7x2.5mm,4,~,
U13,QFN-24-1EP_4x4mm_P0.5mm_EP2.75x2.75mm,1,CYPD3175-24LQXQ,
U17,WSON-6-1EP_2x2mm_P0.65mm_EP1x1.6mm,1,TVS0500DRV,
U19,RNW0013A,1,TPS611781RNWR,
U2,TSSOP-20_4.4x6.5mm_P0.65mm,1,BQ76920PW,
"U3, U6, U7",SOIC-8-1EP_3.9x4.9mm_P1.27mm_EP2.29x3mm,3,AP64501SP-13,
U4,MAX25240,1,MAX25240AFFD/VY+,
U9,IC_BNO086,1,BNO086,
Y1,Crystal_SMD_3225-4Pin_3.2x2.5mm,1,25MHz,
Y2,Crystal_SMD_3225-4Pin_3.2x2.5mm,1,32.768kHz,
